﻿<?xml version="1.0" encoding="utf-8"?>
<MatchAwards>
  <Avenger id="MostVengeancesPerformed" name="Avenger" tag="AwVe">
    <MVPScreenIcon>storm_ui_mvp_avenger_%color%.png</MVPScreenIcon>
    <ScoreScreenIcon>storm_ui_scorescreen_mvp_avenger_%team%.png</ScoreScreenIcon>
    <Description>Avenged Many Deaths</Description>
  </Avenger>
  <Bulwark id="MostDamageTaken" name="Bulwark" tag="AwDT">
    <MVPScreenIcon>storm_ui_mvp_bulwark_%color%.png</MVPScreenIcon>
    <ScoreScreenIcon>storm_ui_scorescreen_mvp_bulwark_%team%.png</ScoreScreenIcon>
    <Description>High Efficient Damage Soaked</Description>
  </Bulwark>
  <Cannoneer id="MostAltarDamageDone" name="Cannoneer" tag="AwAD">
    <MVPScreenIcon>storm_ui_mvp_cannoneer_%color%.png</MVPScreenIcon>
    <ScoreScreenIcon>storm_ui_scorescreen_mvp_cannoneer_%team%.png</ScoreScreenIcon>
    <Description>High Core Damage Done</Description>
  </Cannoneer>
  <ClutchHealer id="ClutchHealer" name="Clutch Healer" tag="AwCH">
    <MVPScreenIcon>storm_ui_mvp_clutchhealer_%color%.png</MVPScreenIcon>
    <ScoreScreenIcon>storm_ui_scorescreen_mvp_clutchhealer_%team%.png</ScoreScreenIcon>
    <Description>Many Heals That Saved a Dying Ally</Description>
  </ClutchHealer>
  <CombatMedic id="MostTeamfightHealingDone" name="Combat Medic" tag="AwCM">
    <MVPScreenIcon>storm_ui_mvp_combatmedic_%color%.png</MVPScreenIcon>
    <ScoreScreenIcon>storm_ui_scorescreen_mvp_combatmedic_%team%.png</ScoreScreenIcon>
    <Description>Healed High Damage in Team Fights</Description>
  </CombatMedic>
  <DaBomb id="MostNukeDamageDone" name="Da Bomb" tag="AwND">
    <MVPScreenIcon>storm_ui_mvp_dabomb_%color%.png</MVPScreenIcon>
    <ScoreScreenIcon>storm_ui_scorescreen_mvp_dabomb_%team%.png</ScoreScreenIcon>
    <Description>High Damage Done with Warheads</Description>
  </DaBomb>
  <Daredevil id="MostDaredevilEscapes" name="Daredevil" tag="AwDD">
    <MVPScreenIcon>storm_ui_mvp_daredevil_%color%.png</MVPScreenIcon>
    <ScoreScreenIcon>storm_ui_scorescreen_mvp_daredevil_%team%.png</ScoreScreenIcon>
    <Description>Escaped Death Many Times in Team Fights</Description>
  </Daredevil>
  <Dominator id="HighestKillStreak" name="Dominator" tag="AwKS">
    <MVPScreenIcon>storm_ui_mvp_dominator_%color%.png</MVPScreenIcon>
    <ScoreScreenIcon>storm_ui_scorescreen_mvp_skull_%team%.png</ScoreScreenIcon>
    <Description>High Killstreak</Description>
  </Dominator>
  <EscapeArtist id="MostEscapes" name="Escape Artist" tag="AwEs">
    <MVPScreenIcon>storm_ui_mvp_escapeartist_%color%.png</MVPScreenIcon>
    <ScoreScreenIcon>storm_ui_scorescreen_mvp_escapeartist_%team%.png</ScoreScreenIcon>
    <Description>Escaped Death Many Times</Description>
  </EscapeArtist>
  <Experienced id="MostXPContribution" name="Experienced" tag="AwXP">
    <MVPScreenIcon>storm_ui_mvp_experienced_%color%.png</MVPScreenIcon>
    <ScoreScreenIcon>storm_ui_scorescreen_mvp_experienced_%team%.png</ScoreScreenIcon>
    <Description>High XP Contributed</Description>
  </Experienced>
  <Finisher id="MostKills" name="Finisher" tag="AwMK">
    <MVPScreenIcon>storm_ui_mvp_finisher_%color%.png</MVPScreenIcon>
    <ScoreScreenIcon>storm_ui_scorescreen_mvp_finisher_%team%.png</ScoreScreenIcon>
    <Description>High Kills</Description>
  </Finisher>
  <Guardian id="MostTeamfightDamageTaken" name="Guardian" tag="AwGu">
    <MVPScreenIcon>storm_ui_mvp_guardian_%color%.png</MVPScreenIcon>
    <ScoreScreenIcon>storm_ui_scorescreen_mvp_guardian_%team%.png</ScoreScreenIcon>
    <Description>Soaked High Damage in Team Fights</Description>
  </Guardian>
  <GuardianSlayer id="MostDamageToMinions" name="Guardian Slayer" tag="AwMi">
    <MVPScreenIcon>storm_ui_mvp_guardianslayer_%color%.png</MVPScreenIcon>
    <ScoreScreenIcon>storm_ui_scorescreen_mvp_guardianslayer_%team%.png</ScoreScreenIcon>
    <Description>High Damage Done to Shrine Guardians</Description>
  </GuardianSlayer>
  <HatTrick id="HatTrick" name="Hat Trick" tag="AwHT">
    <MVPScreenIcon>storm_ui_mvp_hattrick_%color%.png</MVPScreenIcon>
    <ScoreScreenIcon>storm_ui_scorescreen_mvp_hattrick_%team%.png</ScoreScreenIcon>
    <Description>First Three Kills of Match</Description>
  </HatTrick>
  <Headhunter id="MostMercCampsCaptured" name="Headhunter" tag="AwMe">
    <MVPScreenIcon>storm_ui_mvp_headhunter_%color%.png</MVPScreenIcon>
    <ScoreScreenIcon>storm_ui_scorescreen_mvp_headhunter_%team%.png</ScoreScreenIcon>
    <Description>High Mercenary Captures</Description>
  </Headhunter>
  <ImmortalSlayer id="MostImmortalDamage" name="Immortal Slayer" tag="AwIm">
    <MVPScreenIcon>storm_ui_mvp_immortalslayer_%color%.png</MVPScreenIcon>
    <ScoreScreenIcon>storm_ui_scorescreen_mvp_immortalslayer_%team%.png</ScoreScreenIcon>
    <Description>High Damage Done to Immortals</Description>
  </ImmortalSlayer>
  <Jeweler id="MostGemsTurnedIn" name="Jeweler" tag="AwGT">
    <MVPScreenIcon>storm_ui_mvp_jeweler_%color%.png</MVPScreenIcon>
    <ScoreScreenIcon>storm_ui_scorescreen_mvp_jeweler_%team%.png</ScoreScreenIcon>
    <Description>Many Gems Turned in</Description>
  </Jeweler>
  <LoyalDefender id="MostInterruptedCageUnlocks" name="Loyal Defender" tag="AwCU">
    <MVPScreenIcon>storm_ui_mvp_loyaldefender_%color%.png</MVPScreenIcon>
    <ScoreScreenIcon>storm_ui_scorescreen_mvp_loyaldefender_wcav_%team%.png</ScoreScreenIcon>
    <Description>Interrupted Many Cage Unlock Attempts</Description>
  </LoyalDefender>
  <MainHealer id="MostHealing" name="Main Healer" tag="AwHL">
    <MVPScreenIcon>storm_ui_mvp_mainhealer_%color%.png</MVPScreenIcon>
    <ScoreScreenIcon>storm_ui_scorescreen_mvp_mainhealer_%team%.png</ScoreScreenIcon>
    <Description>High Healing Done</Description>
  </MainHealer>
  <MasteroftheCurse id="MostCurseDamageDone" name="Master of the Curse" tag="AwCD">
    <MVPScreenIcon>storm_ui_mvp_masterofthecurse_%color%.png</MVPScreenIcon>
    <ScoreScreenIcon>storm_ui_scorescreen_mvp_masterofthecurse_%team%.png</ScoreScreenIcon>
    <Description>High Curse Siege Damage</Description>
  </MasteroftheCurse>
  <Moneybags id="MostCoinsPaid" name="Moneybags" tag="AwCP">
    <MVPScreenIcon>storm_ui_mvp_moneybags_%color%.png</MVPScreenIcon>
    <ScoreScreenIcon>storm_ui_scorescreen_mvp_moneybags_%team%.png</ScoreScreenIcon>
    <Description>High Coins Delivered</Description>
  </Moneybags>
  <MVP id="MVP" name="MVP" tag="AwMV">
    <MVPScreenIcon>storm_ui_mvp_mvp_%color%.png</MVPScreenIcon>
    <ScoreScreenIcon>storm_ui_scorescreen_mvp_mvp_%team%.png</ScoreScreenIcon>
    <Description>Most Valuable Player</Description>
  </MVP>
  <Painbringer id="MostHeroDamageDone" name="Painbringer" tag="AwHD">
    <MVPScreenIcon>storm_ui_mvp_painbringer_%color%.png</MVPScreenIcon>
    <ScoreScreenIcon>storm_ui_scorescreen_mvp_painbringer_%team%.png</ScoreScreenIcon>
    <Description>High Hero Damage Done</Description>
  </Painbringer>
  <PointGuard id="MostTimeOnPoint" name="Point Guard" tag="AwPG">
    <MVPScreenIcon>storm_ui_mvp_pointguard_%color%.png</MVPScreenIcon>
    <ScoreScreenIcon>storm_ui_scorescreen_mvp_pointguard_%team%.png</ScoreScreenIcon>
    <Description>High Time Spent On Point</Description>
  </PointGuard>
  <Protector id="MostProtection" name="Protector" tag="AwPr">
    <MVPScreenIcon>storm_ui_mvp_protector_%color%.png</MVPScreenIcon>
    <ScoreScreenIcon>storm_ui_scorescreen_mvp_protector_%team%.png</ScoreScreenIcon>
    <Description>High Damage Prevented</Description>
  </Protector>
  <Pusher id="MostTimePushing" name="Pusher" tag="AwPu">
    <MVPScreenIcon>storm_ui_mvp_pusher_%color%.png</MVPScreenIcon>
    <ScoreScreenIcon>storm_ui_scorescreen_mvp_pusher_%team%.png</ScoreScreenIcon>
    <Description>High amount of time on Payload</Description>
  </Pusher>
  <Scrapper id="MostTeamfightHeroDamageDone" name="Scrapper" tag="AwSc">
    <MVPScreenIcon>storm_ui_mvp_scrapper_%color%.png</MVPScreenIcon>
    <ScoreScreenIcon>storm_ui_scorescreen_mvp_scrapper_%team%.png</ScoreScreenIcon>
    <Description>High Team Fight Damage</Description>
  </Scrapper>
  <SeedCollector id="MostSeedsCollected" name="Seed Collector" tag="AwSe">
    <MVPScreenIcon>storm_ui_mvp_gardenterror_%color%.png</MVPScreenIcon>
    <ScoreScreenIcon>storm_ui_scorescreen_mvp_gardenterror_%team%.png</ScoreScreenIcon>
    <Description>High Seeds Collected</Description>
  </SeedCollector>
  <Shriner id="MostDragonShrinesCaptured" name="Shriner" tag="AwDS">
    <MVPScreenIcon>storm_ui_mvp_shriner_%color%.png</MVPScreenIcon>
    <ScoreScreenIcon>storm_ui_scorescreen_mvp_shriner_%team%.png</ScoreScreenIcon>
    <Description>High Shrines Captured</Description>
  </Shriner>
  <SiegeMaster id="MostSiegeDamageDone" name="Siege Master" tag="AwSD">
    <MVPScreenIcon>storm_ui_mvp_siegemaster_%color%.png</MVPScreenIcon>
    <ScoreScreenIcon>storm_ui_scorescreen_mvp_siegemaster_%team%.png</ScoreScreenIcon>
    <Description>High Siege Damage Done</Description>
  </SiegeMaster>
  <Silencer id="MostSilences" name="Silencer" tag="AwSi">
    <MVPScreenIcon>storm_ui_mvp_silencer_%color%.png</MVPScreenIcon>
    <ScoreScreenIcon>storm_ui_scorescreen_mvp_silencer_%team%.png</ScoreScreenIcon>
    <Description>High Silence Time</Description>
  </Silencer>
  <SkullCollector id="MostSkullsCollected" name="Skull Collector" tag="AwSk">
    <MVPScreenIcon>storm_ui_mvp_skullcollector_%color%.png</MVPScreenIcon>
    <ScoreScreenIcon>storm_ui_scorescreen_mvp_skullcollector_%team%.png</ScoreScreenIcon>
    <Description>High Skulls Collected</Description>
  </SkullCollector>
  <SoleSurvivor id="ZeroDeaths" name="Sole Survivor" tag="AwZD">
    <MVPScreenIcon>storm_ui_mvp_solesurvivor_%color%.png</MVPScreenIcon>
    <ScoreScreenIcon>storm_ui_scorescreen_mvp_solesurvivor_%team%.png</ScoreScreenIcon>
    <Description>No Deaths</Description>
  </SoleSurvivor>
  <Stunner id="MostStuns" name="Stunner" tag="AwSt">
    <MVPScreenIcon>storm_ui_mvp_stunner_%color%.png</MVPScreenIcon>
    <ScoreScreenIcon>storm_ui_scorescreen_mvp_stunner_%team%.png</ScoreScreenIcon>
    <Description>High Stun Time</Description>
  </Stunner>
  <TeamPlayer id="ZeroOutnumberedDeaths" name="Team Player" tag="AwTP">
    <MVPScreenIcon>storm_ui_mvp_teamplayer_%color%.png</MVPScreenIcon>
    <ScoreScreenIcon>storm_ui_scorescreen_mvp_teamplayer_%team%.png</ScoreScreenIcon>
    <Description>No Deaths While Outnumbered</Description>
  </TeamPlayer>
  <TempleMaster id="MostTimeInTemple" name="Temple Master" tag="AwTT">
    <MVPScreenIcon>storm_ui_mvp_templemaster_%color%.png</MVPScreenIcon>
    <ScoreScreenIcon>storm_ui_scorescreen_mvp_templemaster_%team%.png</ScoreScreenIcon>
    <Description>High Time Occupying Shrines</Description>
  </TempleMaster>
  <Trapper id="MostRoots" name="Trapper" tag="AwRt">
    <MVPScreenIcon>storm_ui_mvp_trapper_%color%.png</MVPScreenIcon>
    <ScoreScreenIcon>storm_ui_scorescreen_mvp_trapper_%team%.png</ScoreScreenIcon>
    <Description>High Root Time on Enemy Heroes</Description>
  </Trapper>
  <ZergCrusher id="MostDamageDoneToZerg" name="Zerg Crusher" tag="AwZe">
    <MVPScreenIcon>storm_ui_mvp_zergcrusher_%color%.png</MVPScreenIcon>
    <ScoreScreenIcon>storm_ui_scorescreen_mvp_zergcrusher_%team%.png</ScoreScreenIcon>
    <Description>High Damage Done to Zerg</Description>
  </ZergCrusher>
</MatchAwards>