﻿<?xml version="1.0" encoding="utf-8"?>
<MatchAwards>
  <ClutchHealer name="Clutch Healer" tag="AwCH">
    <MVPScreenIcon>storm_ui_mvp_clutchhealer_%color%.png</MVPScreenIcon>
    <ScoreScreenIcon>storm_ui_scorescreen_mvp_clutchhealer_%team%.png</ScoreScreenIcon>
    <Description>Many Heals That Saved a Dying Ally</Description>
  </ClutchHealer>
  <HatTrick name="Hat Trick" tag="AwHT">
    <MVPScreenIcon>storm_ui_mvp_hattrick_%color%.png</MVPScreenIcon>
    <ScoreScreenIcon>storm_ui_scorescreen_mvp_hattrick_%team%.png</ScoreScreenIcon>
    <Description>First Three Kills of Match</Description>
  </HatTrick>
  <HighestKillStreak name="Dominator" tag="AwKS">
    <MVPScreenIcon>storm_ui_mvp_dominator_%color%.png</MVPScreenIcon>
    <ScoreScreenIcon>storm_ui_scorescreen_mvp_skull_%team%.png</ScoreScreenIcon>
    <Description>High Killstreak</Description>
  </HighestKillStreak>
  <MostAltarDamage name="Cannoneer" tag="AwAD">
    <MVPScreenIcon>storm_ui_mvp_cannoneer_%color%.png</MVPScreenIcon>
    <ScoreScreenIcon>storm_ui_scorescreen_mvp_cannoneer_%team%.png</ScoreScreenIcon>
    <Description>High Core Damage Done</Description>
  </MostAltarDamage>
  <MostCoinsPaid name="Moneybags" tag="AwCP">
    <MVPScreenIcon>storm_ui_mvp_moneybags_%color%.png</MVPScreenIcon>
    <ScoreScreenIcon>storm_ui_scorescreen_mvp_moneybags_%team%.png</ScoreScreenIcon>
    <Description>High Coins Delivered</Description>
  </MostCoinsPaid>
  <MostCurseDamageDone name="Master of the Curse" tag="AwCD">
    <MVPScreenIcon>storm_ui_mvp_masterofthecurse_%color%.png</MVPScreenIcon>
    <ScoreScreenIcon>storm_ui_scorescreen_mvp_masterofthecurse_%team%.png</ScoreScreenIcon>
    <Description>High Curse Siege Damage</Description>
  </MostCurseDamageDone>
  <MostDamageDoneToZerg name="Zerg Crusher" tag="AwZe">
    <MVPScreenIcon>storm_ui_mvp_zergcrusher_%color%.png</MVPScreenIcon>
    <ScoreScreenIcon>storm_ui_scorescreen_mvp_zergcrusher_%team%.png</ScoreScreenIcon>
    <Description>High Damage Done to Zerg</Description>
  </MostDamageDoneToZerg>
  <MostDamageTaken name="Bulwark" tag="AwDT">
    <MVPScreenIcon>storm_ui_mvp_bulwark_%color%.png</MVPScreenIcon>
    <ScoreScreenIcon>storm_ui_scorescreen_mvp_bulwark_%team%.png</ScoreScreenIcon>
    <Description>High Efficient Damage Soaked</Description>
  </MostDamageTaken>
  <MostDamageToMinions name="Guardian Slayer" tag="AwMi">
    <MVPScreenIcon>storm_ui_mvp_guardianslayer_%color%.png</MVPScreenIcon>
    <ScoreScreenIcon>storm_ui_scorescreen_mvp_guardianslayer_%team%.png</ScoreScreenIcon>
    <Description>High Damage Done to Shrine Guardians</Description>
  </MostDamageToMinions>
  <MostDaredevilEscapes name="Daredevil" tag="AwDD">
    <MVPScreenIcon>storm_ui_mvp_daredevil_%color%.png</MVPScreenIcon>
    <ScoreScreenIcon>storm_ui_scorescreen_mvp_daredevil_%team%.png</ScoreScreenIcon>
    <Description>Escaped Death Many Times in Team Fights</Description>
  </MostDaredevilEscapes>
  <MostDragonShrinesCaptured name="Shriner" tag="AwDS">
    <MVPScreenIcon>storm_ui_mvp_shriner_%color%.png</MVPScreenIcon>
    <ScoreScreenIcon>storm_ui_scorescreen_mvp_shriner_%team%.png</ScoreScreenIcon>
    <Description>High Shrines Captured</Description>
  </MostDragonShrinesCaptured>
  <MostEscapes name="Escape Artist" tag="AwEs">
    <MVPScreenIcon>storm_ui_mvp_escapeartist_%color%.png</MVPScreenIcon>
    <ScoreScreenIcon>storm_ui_scorescreen_mvp_escapeartist_%team%.png</ScoreScreenIcon>
    <Description>Escaped Death Many Times</Description>
  </MostEscapes>
  <MostGemsTurnedIn name="Jeweler" tag="AwGT">
    <MVPScreenIcon>storm_ui_mvp_jeweler_%color%.png</MVPScreenIcon>
    <ScoreScreenIcon>storm_ui_scorescreen_mvp_jeweler_%team%.png</ScoreScreenIcon>
    <Description>Many Gems Turned in</Description>
  </MostGemsTurnedIn>
  <MostHealing name="Main Healer" tag="AwHL">
    <MVPScreenIcon>storm_ui_mvp_mainhealer_%color%.png</MVPScreenIcon>
    <ScoreScreenIcon>storm_ui_scorescreen_mvp_mainhealer_%team%.png</ScoreScreenIcon>
    <Description>High Healing Done</Description>
  </MostHealing>
  <MostHeroDamageDone name="Painbringer" tag="AwHD">
    <MVPScreenIcon>storm_ui_mvp_painbringer_%color%.png</MVPScreenIcon>
    <ScoreScreenIcon>storm_ui_scorescreen_mvp_painbringer_%team%.png</ScoreScreenIcon>
    <Description>High Hero Damage Done</Description>
  </MostHeroDamageDone>
  <MostImmortalDamage name="Immortal Slayer" tag="AwIm">
    <MVPScreenIcon>storm_ui_mvp_immortalslayer_%color%.png</MVPScreenIcon>
    <ScoreScreenIcon>storm_ui_scorescreen_mvp_immortalslayer_%team%.png</ScoreScreenIcon>
    <Description>High Damage Done to Immortals</Description>
  </MostImmortalDamage>
  <MostInterruptedCageUnlocks name="Loyal Defender" tag="AwCU">
    <MVPScreenIcon>storm_ui_mvp_loyaldefender_%color%.png</MVPScreenIcon>
    <ScoreScreenIcon>storm_ui_scorescreen_mvp_loyaldefender_wcav_%team%.png</ScoreScreenIcon>
    <Description>Interrupted Many Cage Unlock Attempts</Description>
  </MostInterruptedCageUnlocks>
  <MostKills name="Finisher" tag="AwMK">
    <MVPScreenIcon>storm_ui_mvp_finisher_%color%.png</MVPScreenIcon>
    <ScoreScreenIcon>storm_ui_scorescreen_mvp_finisher_%team%.png</ScoreScreenIcon>
    <Description>High Kills</Description>
  </MostKills>
  <MostMercCampsCaptured name="Headhunter" tag="AwMe">
    <MVPScreenIcon>storm_ui_mvp_headhunter_%color%.png</MVPScreenIcon>
    <ScoreScreenIcon>storm_ui_scorescreen_mvp_headhunter_%team%.png</ScoreScreenIcon>
    <Description>High Mercenary Captures</Description>
  </MostMercCampsCaptured>
  <MostNukeDamageDone name="Da Bomb" tag="AwND">
    <MVPScreenIcon>storm_ui_mvp_dabomb_%color%.png</MVPScreenIcon>
    <ScoreScreenIcon>storm_ui_scorescreen_mvp_dabomb_%team%.png</ScoreScreenIcon>
    <Description>High Damage Done with Warheads</Description>
  </MostNukeDamageDone>
  <MostProtection name="Protector" tag="AwPr">
    <MVPScreenIcon>storm_ui_mvp_protector_%color%.png</MVPScreenIcon>
    <ScoreScreenIcon>storm_ui_scorescreen_mvp_protector_%team%.png</ScoreScreenIcon>
    <Description>High Damage Prevented</Description>
  </MostProtection>
  <MostRoots name="Trapper" tag="AwRt">
    <MVPScreenIcon>storm_ui_mvp_trapper_%color%.png</MVPScreenIcon>
    <ScoreScreenIcon>storm_ui_scorescreen_mvp_trapper_%team%.png</ScoreScreenIcon>
    <Description>High Root Time on Enemy Heroes</Description>
  </MostRoots>
  <MostSeedsCollected name="Seed Collector" tag="AwSe">
    <MVPScreenIcon>storm_ui_mvp_gardenterror_%color%.png</MVPScreenIcon>
    <ScoreScreenIcon>storm_ui_scorescreen_mvp_gardenterror_%team%.png</ScoreScreenIcon>
    <Description>High Seeds Collected</Description>
  </MostSeedsCollected>
  <MostSiegeDamageDone name="Siege Master" tag="AwSD">
    <MVPScreenIcon>storm_ui_mvp_siegemaster_%color%.png</MVPScreenIcon>
    <ScoreScreenIcon>storm_ui_scorescreen_mvp_siegemaster_%team%.png</ScoreScreenIcon>
    <Description>High Siege Damage Done</Description>
  </MostSiegeDamageDone>
  <MostSilences name="Silencer" tag="AwSi">
    <MVPScreenIcon>storm_ui_mvp_silencer_%color%.png</MVPScreenIcon>
    <ScoreScreenIcon>storm_ui_scorescreen_mvp_silencer_%team%.png</ScoreScreenIcon>
    <Description>High Silence Time</Description>
  </MostSilences>
  <MostSkullsCollected name="Skull Collector" tag="AwSk">
    <MVPScreenIcon>storm_ui_mvp_skullcollector_%color%.png</MVPScreenIcon>
    <ScoreScreenIcon>storm_ui_scorescreen_mvp_skullcollector_%team%.png</ScoreScreenIcon>
    <Description>High Skulls Collected</Description>
  </MostSkullsCollected>
  <MostStuns name="Stunner" tag="AwSt">
    <MVPScreenIcon>storm_ui_mvp_stunner_%color%.png</MVPScreenIcon>
    <ScoreScreenIcon>storm_ui_scorescreen_mvp_stunner_%team%.png</ScoreScreenIcon>
    <Description>High Stun Time</Description>
  </MostStuns>
  <MostTeamfightDamageTaken name="Guardian" tag="AwGu">
    <MVPScreenIcon>storm_ui_mvp_guardian_%color%.png</MVPScreenIcon>
    <ScoreScreenIcon>storm_ui_scorescreen_mvp_guardian_%team%.png</ScoreScreenIcon>
    <Description>Soaked High Damage in Team Fights</Description>
  </MostTeamfightDamageTaken>
  <MostTeamfightHealingDone name="Combat Medic" tag="AwCM">
    <MVPScreenIcon>storm_ui_mvp_combatmedic_%color%.png</MVPScreenIcon>
    <ScoreScreenIcon>storm_ui_scorescreen_mvp_combatmedic_%team%.png</ScoreScreenIcon>
    <Description>Healed High Damage in Team Fights</Description>
  </MostTeamfightHealingDone>
  <MostTeamfightHeroDamageDone name="Scrapper" tag="AwSc">
    <MVPScreenIcon>storm_ui_mvp_scrapper_%color%.png</MVPScreenIcon>
    <ScoreScreenIcon>storm_ui_scorescreen_mvp_scrapper_%team%.png</ScoreScreenIcon>
    <Description>High Team Fight Damage</Description>
  </MostTeamfightHeroDamageDone>
  <MostTimeInTemple name="Temple Master" tag="AwTT">
    <MVPScreenIcon>storm_ui_mvp_templemaster_%color%.png</MVPScreenIcon>
    <ScoreScreenIcon>storm_ui_scorescreen_mvp_templemaster_%team%.png</ScoreScreenIcon>
    <Description>High Time Occupying Shrines</Description>
  </MostTimeInTemple>
  <MostTimeOnPoint name="Point Guard" tag="AwPG">
    <MVPScreenIcon>storm_ui_mvp_pointguard_%color%.png</MVPScreenIcon>
    <ScoreScreenIcon>storm_ui_scorescreen_mvp_pointguard_%team%.png</ScoreScreenIcon>
    <Description>High Time Spent On Point</Description>
  </MostTimeOnPoint>
  <MostTimePushing name="Pusher" tag="AwPu">
    <MVPScreenIcon>storm_ui_mvp_pusher_%color%.png</MVPScreenIcon>
    <ScoreScreenIcon>storm_ui_scorescreen_mvp_pusher_%team%.png</ScoreScreenIcon>
    <Description>High amount of time on Payload</Description>
  </MostTimePushing>
  <MostVengeancesPerformed name="Avenger" tag="AwVe">
    <MVPScreenIcon>storm_ui_mvp_avenger_%color%.png</MVPScreenIcon>
    <ScoreScreenIcon>storm_ui_scorescreen_mvp_avenger_%team%.png</ScoreScreenIcon>
    <Description>Avenged Many Deaths</Description>
  </MostVengeancesPerformed>
  <MostXPContribution name="Experienced" tag="AwXP">
    <MVPScreenIcon>storm_ui_mvp_experienced_%color%.png</MVPScreenIcon>
    <ScoreScreenIcon>storm_ui_scorescreen_mvp_experienced_%team%.png</ScoreScreenIcon>
    <Description>High XP Contributed</Description>
  </MostXPContribution>
  <MVP name="MVP" tag="AwMV">
    <MVPScreenIcon>storm_ui_mvp_mvp_%color%.png</MVPScreenIcon>
    <ScoreScreenIcon>storm_ui_scorescreen_mvp_mvp_%team%.png</ScoreScreenIcon>
    <Description>Most Valuable Player</Description>
  </MVP>
  <ZeroDeaths name="Sole Survivor" tag="AwZD">
    <MVPScreenIcon>storm_ui_mvp_solesurvivor_%color%.png</MVPScreenIcon>
    <ScoreScreenIcon>storm_ui_scorescreen_mvp_solesurvivor_%team%.png</ScoreScreenIcon>
    <Description>No Deaths</Description>
  </ZeroDeaths>
  <ZeroOutnumberedDeaths name="Team Player" tag="AwTP">
    <MVPScreenIcon>storm_ui_mvp_teamplayer_%color%.png</MVPScreenIcon>
    <ScoreScreenIcon>storm_ui_scorescreen_mvp_teamplayer_%team%.png</ScoreScreenIcon>
    <Description>No Deaths While Outnumbered</Description>
  </ZeroOutnumberedDeaths>
</MatchAwards>