﻿<?xml version="1.0" encoding="utf-8" ?>
<MatchAwards>
  <Avenger id="MostVengeancesPerformed">
      <MVPScreen>storm_ui_mvp_avenger_{mvpColor}.png</MVPScreen>
      <ScoreScreen>storm_ui_scorescreen_mvp_avenger_{mvpColor}.png</ScoreScreen>
      <Description>Avenged Many Deaths</Description>
  </Avenger>
  <Bulwark id="MostDamageTaken">
    <MVPScreen>storm_ui_mvp_bulwark_{mvpColor}.png</MVPScreen>
    <ScoreScreen>storm_ui_scorescreen_mvp_bulwark_{mvpColor}.png</ScoreScreen>
    <Description>High Efficient Damage Soaked</Description>
  </Bulwark>
  <Cannoneer id="MostAltarDamage">
    <MVPScreen>storm_ui_mvp_cannoneer_{mvpColor}.png</MVPScreen>
    <ScoreScreen>storm_ui_scorescreen_mvp_cannoneer_{mvpColor}.png</ScoreScreen>
    <Description>High Core Damage Done</Description>
  </Cannoneer>
  <ClutchHealer id="ClutchHealer" name="Clutch Healer">
    <MVPScreen>storm_ui_mvp_clutchhealer_{mvpColor}.png</MVPScreen>
    <ScoreScreen>storm_ui_scorescreen_mvp_clutchhealer_{mvpColor}.png</ScoreScreen>
    <Description>Many Heals That Saved a Dying Ally</Description>
  </ClutchHealer>
  <CombatMedic id="MostTeamfightHealingDone" name="Combat Medic">
    <MVPScreen>storm_ui_mvp_combatmedic_{mvpColor}.png</MVPScreen>
    <ScoreScreen>storm_ui_scorescreen_mvp_combatmedic_{mvpColor}.png</ScoreScreen>
    <Description>Healed High Damage in Team Fights</Description>
  </CombatMedic>
  <DaBomb id="MostNukeDamageDone">
    <MVPScreen>storm_ui_mvp_dabomb_{mvpColor}.png</MVPScreen>
    <ScoreScreen>storm_ui_scorescreen_mvp_dabomb_{mvpColor}.png</ScoreScreen>
    <Description>High Damage Done with Warheads</Description>
  </DaBomb>
  <Daredevil id="MostDaredevilEscapes">
    <MVPScreen>storm_ui_mvp_daredevil_{mvpColor}.png</MVPScreen>
    <ScoreScreen>storm_ui_scorescreen_mvp_daredevil_{mvpColor}.png</ScoreScreen>
    <Description>Escaped Death Many Times in Team Fights</Description>
  </Daredevil>
  <Dominator id="HighestKillStreak">
    <MVPScreen>storm_ui_mvp_skull_{mvpColor}.png</MVPScreen>
    <ScoreScreen>storm_ui_scorescreen_mvp_skull_{mvpColor}.png</ScoreScreen>
    <Description>High Killstreak</Description>
  </Dominator>
  <EscapeArtist id="MostEscapes" name="Escape Artist">
    <MVPScreen>storm_ui_mvp_escapeartist_{mvpColor}.png</MVPScreen>
    <ScoreScreen>storm_ui_scorescreen_mvp_escapeartist_{mvpColor}.png</ScoreScreen>
    <Description>Escaped Death Many Times</Description>
  </EscapeArtist>
  <Experienced id="MostXPContribution">
    <MVPScreen>storm_ui_mvp_experienced_{mvpColor}.png</MVPScreen>
    <ScoreScreen>storm_ui_scorescreen_mvp_experienced_{mvpColor}.png</ScoreScreen>
    <Description>High XP Contributed</Description>
  </Experienced>
  <Finisher id="MostKills">
    <MVPScreen>storm_ui_mvp_finisher_{mvpColor}.png</MVPScreen>
    <ScoreScreen>storm_ui_scorescreen_mvp_finisher_{mvpColor}.png</ScoreScreen>
    <Description>High Kills</Description>
  </Finisher>
  <GardenTerror id="MostDamageToPlants" name="Garden Terror">
    <MVPScreen>storm_ui_mvp_gardenterror_{mvpColor}.png</MVPScreen>
    <ScoreScreen>storm_ui_scorescreen_mvp_gardenterror_{mvpColor}.png</ScoreScreen>
    <Description>High Damage Done to Plants</Description>
  </GardenTerror>
  <Guardian id="MostTeamfightDamageTaken">
    <MVPScreen>storm_ui_mvp_guardian_{mvpColor}.png</MVPScreen>
    <ScoreScreen>storm_ui_scorescreen_mvp_guardian_{mvpColor}.png</ScoreScreen>
    <Description>Soaked High Damage in Team Fights</Description>
  </Guardian>
  <GuardianSlayer id="MostDamageToMinions" name="Guardian Slayer">
    <MVPScreen>storm_ui_mvp_guardianslayer_{mvpColor}.png</MVPScreen>
    <ScoreScreen>storm_ui_scorescreen_mvp_guardianslayer_{mvpColor}.png</ScoreScreen>
    <Description>High Damage Done to Shrine Guardians</Description>
  </GuardianSlayer>
  <HatTrick id="HatTrick" name="Hat Trick">
    <MVPScreen>storm_ui_mvp_hattrick_{mvpColor}.png</MVPScreen>
    <ScoreScreen>storm_ui_scorescreen_mvp_hattrick_{mvpColor}.png</ScoreScreen>
    <Description>First Three Kills of Match</Description>
  </HatTrick>
  <Headhunter id="MostMercCampsCaptured">
    <MVPScreen>storm_ui_mvp_headhunter_{mvpColor}.png</MVPScreen>
    <ScoreScreen>storm_ui_scorescreen_mvp_headhunter_{mvpColor}.png</ScoreScreen>
    <Description>High Mercenary Captures</Description>
  </Headhunter>
  <ImmortalSlayer id="MostImmortalDamage" name="Immortal Slayer">
    <MVPScreen>storm_ui_mvp_immortalslayer_{mvpColor}.png</MVPScreen>
    <ScoreScreen>storm_ui_scorescreen_mvp_immortalslayer_{mvpColor}.png</ScoreScreen>
    <Description>High Damage Done to Immortals</Description>
  </ImmortalSlayer>
  <Jeweler id="MostGemsTurnedIn">
    <MVPScreen>storm_ui_mvp_jeweler_{mvpColor}.png</MVPScreen>
    <ScoreScreen>storm_ui_scorescreen_mvp_jeweler_{mvpColor}.png</ScoreScreen>
    <Description>Many Gems Turned in</Description>
  </Jeweler>
  <LoyalDefender id="MostInterruptedCageUnlocks">
    <MVPScreen>storm_ui_mvp_loyaldefender_{mvpColor}.png</MVPScreen>
    <ScoreScreen>storm_ui_scorescreen_mvp_loyaldefender_wcav_{mvpColor}.png</ScoreScreen>
    <Description>Interrupted Many Cage Unlock Attempts</Description>
  </LoyalDefender>
  <MainHealer id="MostHealing" name="Main Healer">
    <MVPScreen>storm_ui_mvp_mainhealer_{mvpColor}.png</MVPScreen>
    <ScoreScreen>storm_ui_scorescreen_mvp_mainhealer_{mvpColor}.png</ScoreScreen>
    <Description>High Healing Done</Description>
  </MainHealer>
  <MasteroftheCurse id="MostCurseDamageDone" name="Master of the Curse">
    <MVPScreen>storm_ui_mvp_masterofthecurse_{mvpColor}.png</MVPScreen>
    <ScoreScreen>storm_ui_scorescreen_mvp_masterofthecurse_{mvpColor}.png</ScoreScreen>
    <Description>High Curse Siege Damage</Description>
  </MasteroftheCurse>
  <Moneybags id="MostCoinsPaid">
    <MVPScreen>storm_ui_mvp_moneybags_{mvpColor}.png</MVPScreen>
    <ScoreScreen>storm_ui_scorescreen_mvp_moneybags_{mvpColor}.png</ScoreScreen>
    <Description>High Coins Delivered</Description>
  </Moneybags>
  <MVP id="MVP">
    <MVPScreen>storm_ui_mvp_mvp_{mvpColor}.png</MVPScreen>
    <ScoreScreen>storm_ui_scorescreen_mvp_mvp_{mvpColor}.png</ScoreScreen>
    <Description>Most Valuable Player</Description>
  </MVP>
  <Painbringer id="MostHeroDamageDone">
    <MVPScreen>storm_ui_mvp_painbringer_{mvpColor}.png</MVPScreen>
    <ScoreScreen>storm_ui_scorescreen_mvp_painbringer_{mvpColor}.png</ScoreScreen>
    <Description>High Hero Damage Done</Description>
  </Painbringer>
  <PointGuard id="MostTimeOnPoint">
    <MVPScreen>storm_ui_mvp_pointguard_{mvpColor}.png</MVPScreen>
    <ScoreScreen>storm_ui_scorescreen_mvp_pointguard_{mvpColor}.png</ScoreScreen>
    <Description>High Time Occupying Point</Description>
  </PointGuard>
  <Protector id="MostProtection">
    <MVPScreen>storm_ui_mvp_protector_{mvpColor}.png</MVPScreen>
    <ScoreScreen>storm_ui_scorescreen_mvp_protector_{mvpColor}.png</ScoreScreen>
    <Description>High Damage Prevented</Description>
  </Protector>
  <Pusher id="TimePushing">
    <MVPScreen>storm_ui_mvp_pusher_{mvpColor}.png</MVPScreen>
    <ScoreScreen>storm_ui_scorescreen_mvp_pusher_{mvpColor}.png</ScoreScreen>
    <Description>High amount of time on Payload</Description>
  </Pusher>
  <Scrapper id="MostTeamfightHeroDamageDone">
    <MVPScreen>storm_ui_mvp_scrapper_{mvpColor}.png</MVPScreen>
    <ScoreScreen>storm_ui_scorescreen_mvp_scrapper_{mvpColor}.png</ScoreScreen>
    <Description>High Team Fight Damage</Description>
  </Scrapper>
  <Shriner id="MostDragonShrinesCaptured">
    <MVPScreen>storm_ui_mvp_shriner_{mvpColor}.png</MVPScreen>
    <ScoreScreen>storm_ui_scorescreen_mvp_shriner_{mvpColor}.png</ScoreScreen>
    <Description>High Shrines Captured</Description>
  </Shriner>
  <SiegeMaster id="MostSiegeDamageDone" name="Siege Master">
    <MVPScreen>storm_ui_mvp_siegemaster_{mvpColor}.png</MVPScreen>
    <ScoreScreen>storm_ui_scorescreen_mvp_siegemaster_{mvpColor}.png</ScoreScreen>
    <Description>High Siege Damage Done</Description>
  </SiegeMaster>
  <Silencer id="MostSilences">
    <MVPScreen>storm_ui_mvp_silencer_{mvpColor}.png</MVPScreen>
    <ScoreScreen>storm_ui_scorescreen_mvp_silencer_{mvpColor}.png</ScoreScreen>
    <Description>High Silence Time</Description>
  </Silencer>
  <SkullCollector id="MostSkullsCollected" name="Skull Collector">
    <MVPScreen>storm_ui_mvp_skullcollector_{mvpColor}.png</MVPScreen>
    <ScoreScreen>storm_ui_scorescreen_mvp_skullcollector_{mvpColor}.png</ScoreScreen>
    <Description>High Skulls Collected</Description>
  </SkullCollector>
  <SoleSurvivor id="ZeroDeaths" name="Sole Survivor">
    <MVPScreen>storm_ui_mvp_solesurvivor_{mvpColor}.png</MVPScreen>
    <ScoreScreen>storm_ui_scorescreen_mvp_solesurvivor_{mvpColor}.png</ScoreScreen>
    <Description>No Deaths</Description>
  </SoleSurvivor>
  <Stunner id="MostStuns">
    <MVPScreen>storm_ui_mvp_stunner_{mvpColor}.png</MVPScreen>
    <ScoreScreen>storm_ui_scorescreen_mvp_stunner_{mvpColor}.png</ScoreScreen>
    <Description>High Stun Time</Description>
  </Stunner>
  <TeamPlayer id="ZeroOutnumberedDeaths" name="Team Player">
    <MVPScreen>storm_ui_mvp_teamplayer_{mvpColor}.png</MVPScreen>
    <ScoreScreen>storm_ui_scorescreen_mvp_teamplayer_{mvpColor}.png</ScoreScreen>
    <Description>No Deaths While Outnumbered</Description>
  </TeamPlayer>
  <TempleMaster id="MostTimeInTemple" name="Temple Master">
    <MVPScreen>storm_ui_mvp_templemaster_{mvpColor}.png</MVPScreen>
    <ScoreScreen>storm_ui_scorescreen_mvp_templemaster_{mvpColor}.png</ScoreScreen>
    <Description>High Time Occupying Shrines</Description>
  </TempleMaster>
  <Trapper id="MostRoots">
    <MVPScreen>storm_ui_mvp_trapper_{mvpColor}.png</MVPScreen>
    <ScoreScreen>storm_ui_scorescreen_mvp_trapper_{mvpColor}.png</ScoreScreen>
    <Description>High Root Time on Enemy Heroes</Description>
  </Trapper>
  <ZergCrusher id="MostDamageDoneToZerg" name="Zerg Crusher">
    <MVPScreen>storm_ui_mvp_zergcrusher_{mvpColor}.png</MVPScreen>
    <ScoreScreen>storm_ui_scorescreen_mvp_zergcrusher_{mvpColor}.png</ScoreScreen>
    <Description>High Damage Done to Zerg</Description>
  </ZergCrusher>
</MatchAwards>
