﻿<?xml version="1.0" encoding="utf-8" ?>
<Battlegrounds>
  <AlteracPass name="Alterac Pass" id="AlteracPass">
    <Text>
      <TextColor>b2d6fe</TextColor>
      <GlowColor>0078ff</GlowColor>
    </Text>
    <Image>storm_ui_homescreenbackground_wcav.jpg</Image>
  </AlteracPass>
  <BattlefieldofEternity name="Battlefield of Eternity" id="BattlefieldOfEternity">
    <Text>
      <TextColor>febaaa</TextColor>
      <GlowColor>ff3000</GlowColor>
    </Text>
    <Image>ui_ingame_mapmechanic_loadscreen_battlefieldofeternity.jpg</Image>
  </BattlefieldofEternity>
  <BlackheartsBay name="Blackheart's Bay" id="BlackheartsBay">
    <Text>
      <TextColor>ccffcc</TextColor>
      <GlowColor>00ff48</GlowColor>
    </Text>
    <Image>ui_ingame_mapmechanic_loadscreen_blackheartsbay.jpg</Image>
  </BlackheartsBay>
  <BraxisHoldout name="Braxis Holdout" id="BraxisHoldout">
    <Text>
      <TextColor>b2d6fe</TextColor>
      <GlowColor>0078ff</GlowColor>
    </Text>
    <Image>storm_ui_homescreenbackground_braxisholdout.jpg</Image>
  </BraxisHoldout>
  <BraxisOutpost name="Braxis Outpost" id="BraxisOutpost" brawl="true">
    <Text>
      <TextColor>b2d6fe</TextColor>
      <GlowColor>0078ff</GlowColor>
    </Text>
    <Image>ui_ingame_mapmechanic_loadscreen_braxisoutpost.jpg</Image>
  </BraxisOutpost>
  <CheckpointHanamura name="Checkpoint: Hanamura" id="HanamuraPayloadPush" brawl="true">
    <Text>
      <TextColor>b2d6fe</TextColor>
      <GlowColor>0078ff</GlowColor>
    </Text>
    <Image>ui_ingame_mapmechanic_loadscreen_hanamurapayload.jpg</Image>
  </CheckpointHanamura>
  <CursedHollow name="Cursed Hollow" id="CursedHollow">
    <Text>
      <TextColor>f3cbff</TextColor>
      <GlowColor>c600ff</GlowColor>
    </Text>
    <Image>ui_ingame_mapmechanic_loadscreen_cursedhollow.jpg</Image>
  </CursedHollow>
  <DeadMansStand name="Dead Man's Stand" brawl="true">
    <Text>
      <TextColor>ffffff</TextColor>
      <GlowColor>ff7800</GlowColor>
    </Text>
    <Image>storm_ui_homescreenbackground_deadmansstand_normal.jpg</Image>
  </DeadMansStand>
  <DeadMansStandHeroic name="Dead Man's Stand (Heroic)" brawl="true">
    <Text>
      <TextColor>ffffff</TextColor>
      <GlowColor>ff7800</GlowColor>
    </Text>
    <Image>storm_ui_homescreenbackground_deadmansstand_hard.jpg</Image>
  </DeadMansStandHeroic>
  <DodgeBrawl name="Dodge-Brawl" id="DodgeBrawl" brawl="true">
    <Text>
      <TextColor>b2d6fe</TextColor>
      <GlowColor>0078ff</GlowColor>
    </Text>
    <Image>storm_ui_homescreenbackground_dodge.jpg</Image>
  </DodgeBrawl>
  <DragonShire name="Dragon Shire" id="DragonShire">
    <Text>
      <TextColor>ffffff</TextColor>
      <GlowColor>ff7800</GlowColor>
    </Text>
    <Image>ui_ingame_mapmechanic_loadscreen_dragonshire.jpg</Image>
  </DragonShire>
  <EscapeFromBraxis name="Escape From Braxis" brawl="true">
    <Text>
      <TextColor>ffffff</TextColor>
      <GlowColor>ff7800</GlowColor>
    </Text>
    <Image>storm_ui_homescreenbackground_escapefrombraxis_normal.jpg</Image>
    <Aliases>Flucht von Braxis~Fuga de Braxis~Escape de Braxis~La fuite de Braxis~Fuga da Braxis~브락시스 탈출~Ucieczka z Braxis~Fuga de Braxis~Побег с Браксиса~逃离布莱克西斯~逃離布萊西斯</Aliases>
  </EscapeFromBraxis>
  <EscapeFromBraxisHeroic name="Escape From Braxis (Heroic)" brawl="true">
    <Text>
      <TextColor>ffffff</TextColor>
      <GlowColor>ff7800</GlowColor>
    </Text>
    <Image>storm_ui_homescreenbackground_escapefrombraxis_hard.jpg</Image>
    <Aliases>Flucht von Braxis (Heroisch)~Fuga de Braxis (heroico)~Escape de Braxis (Heroico)~La fuite de Braxis (héroïque)~Fuga Da Braxis (Eroica)~브락시스 탈출 (영웅 난이도)~Heroiczna Ucieczka z Braxis~Fuga de Braxis (Heroico)~Героический побег с Браксиса~逃离布莱克西斯（英雄难度）~逃離布萊西斯（英雄模式）</Aliases>
  </EscapeFromBraxisHeroic>
  <GardenofTerror name="Garden of Terror" id="HauntedWoods">
    <Text>
      <TextColor>b2d6fe</TextColor>
      <GlowColor>0078ff</GlowColor>
    </Text>
    <Image>ui_ingame_mapmechanic_loadscreen_gardenofterror.jpg</Image>
  </GardenofTerror>
  <Hanamura id="Hanamura">
    <Text>
      <TextColor>b2d6fe</TextColor>
      <GlowColor>0078ff</GlowColor>
    </Text>
    <Image>ui_ingame_mapmechanic_loadscreen_hanamura_b.jpg</Image>
  </Hanamura>
  <HauntedMines name="Haunted Mines" id="HauntedMines">
    <Text>
      <TextColor>fed6c6</TextColor>
      <GlowColor>ff4800</GlowColor>
    </Text>
    <Image>ui_ingame_mapmechanic_loadscreen_hauntedmines.jpg</Image>
  </HauntedMines>
  <IndustrialDistrict name="Industrial District" id="IndustrialDistrict" brawl="true">
    <Text>
      <TextColor>b2d6fe</TextColor>
      <GlowColor>0078ff</GlowColor>
    </Text>
    <Image>storm_ui_loadscreen_bashem_smashem.jpg</Image>
  </IndustrialDistrict>
  <InfernalShrines name="Infernal Shrines" id="Shrines">
    <Text>
      <TextColor>febaaa</TextColor>
      <GlowColor>ff3000</GlowColor>
    </Text>
    <Image>ui_ingame_mapmechanic_loadscreen_shrines.jpg</Image>
  </InfernalShrines>
  <LostCavern name="Lost Cavern" id="LostCavern" brawl="true">
    <Text>
      <TextColor>b2d6fe</TextColor>
      <GlowColor>0078ff</GlowColor>
    </Text>
    <Image>storm_ui_homescreenbackground_lostcavern.jpg</Image>
  </LostCavern>
  <PullParty name="Pull Party" brawl="true">
    <Text>
      <TextColor>b2d6fe</TextColor>
      <GlowColor>0078ff</GlowColor>
    </Text>
    <Image>storm_ui_homescreenbackground_pullparty.jpg</Image>
    <Aliases>Ich glaub, es hakt~Echar el gancho~Fiesta de ganchos~Accro au crochet~Agganci pericolosi~갈고리 파티~Impreza przy Basenie~Puxa-puxa~Притягательные личности~拉钩派对~鉤鉤派對</Aliases>
  </PullParty>
  <SilverCity name="Silver City" id="SilverCity" brawl="true">
    <Text>
      <TextColor>febaaa</TextColor>
      <GlowColor>ff3000</GlowColor>
    </Text>
    <Image>ui_ingame_simple_loadscreen_battlefieldofeternity.jpg</Image>
  </SilverCity>
  <SkyTemple name="Sky Temple" id="ControlPoints">
    <Text>
      <TextColor>ffffff</TextColor>
      <GlowColor>ff7800</GlowColor>
    </Text>
    <Image>ui_ingame_mapmechanic_loadscreen_skytemple.jpg</Image>
  </SkyTemple>
  <TomboftheSpiderQueen name="Tomb of the Spider Queen" id="Crypts">
    <Text>
      <TextColor>b2d6fe</TextColor>
      <GlowColor>0078ff</GlowColor>
    </Text>
    <Image>ui_ingame_mapmechanic_loadscreen_tombofthespiderqueen.jpg</Image>
  </TomboftheSpiderQueen>
  <TowersofDoom name="Towers of Doom" id="TowersOfDoom">
    <Text>
      <TextColor>7fffe8</TextColor>
      <GlowColor>00c6ff</GlowColor>
    </Text>
    <Image>ui_ingame_mapmechanic_loadscreen_towersofdoom.jpg</Image>
  </TowersofDoom>
  <VolskayaFoundry name="Volskaya Foundry" id="Volskaya">
    <Text>
      <TextColor>b2d6fe</TextColor>
      <GlowColor>0078ff</GlowColor>
    </Text>
    <Image>storm_ui_homescreenbackground_volskaya.jpg</Image>
  </VolskayaFoundry>
  <WarheadJunction name="Warhead Junction" id="Warhead Junction">
    <Text>
      <TextColor>ffffff</TextColor>
      <GlowColor>ff7800</GlowColor>
    </Text>
    <Image>storm_ui_homescreenbackground_warhead.jpg</Image>
  </WarheadJunction>
</Battlegrounds>